{"instances":[{"type":"ellipse","classId":1,"probability":100,"cx":212.97930908203125,"cy":235.70398712158203,"rx":10.120697021484375,"ry":13.596015930175781,"angle":0,"groupId":0,"pointLabels":{},"locked":false,"visible":true,"attributes":[]},{"type":"ellipse","classId":1,"probability":100,"cx":162.15424346923828,"cy":87.8473014831543,"rx":6.154243469238281,"ry":2.9527015686035156,"angle":0,"groupId":0,"pointLabels":{},"locked":false,"visible":true,"attributes":[]},{"type":"ellipse","classId":1,"probability":100,"cx":120.69306182861328,"cy":155.2456283569336,"rx":12.106941223144531,"ry":8.654365539550781,"angle":0,"groupId":0,"pointLabels":{},"locked":false,"visible":true,"attributes":[]}],"tags":[],"metadata":{"version":"1.0.0","name":"0001.png","status":"Completed"}}