{"instances":[{"type":"ellipse","classId":1,"probability":100,"cx":138.21453094482422,"cy":142.90989685058594,"rx":9.885475158691406,"ry":6.1901092529296875,"angle":0,"groupId":0,"pointLabels":{},"locked":false,"visible":true,"attributes":[]},{"type":"ellipse","classId":1,"probability":100,"cx":131.76735305786133,"cy":179.92172241210938,"rx":19.232646942138672,"ry":21.978271484375,"angle":0,"groupId":0,"pointLabels":{},"locked":false,"visible":true,"attributes":[]},{"type":"ellipse","classId":1,"probability":100,"cx":181.8670883178711,"cy":116.2380485534668,"rx":15.532905578613281,"ry":14.561954498291016,"angle":0,"groupId":0,"pointLabels":{},"locked":false,"visible":true,"attributes":[]}],"tags":[],"metadata":{"version":"1.0.0","name":"0012.png","status":"Completed"}}