{"instances":[{"type":"ellipse","classId":1,"probability":100,"cx":45.91773796081543,"cy":223.11825561523438,"rx":14.08226203918457,"ry":10.881744384765625,"angle":0,"groupId":0,"pointLabels":{},"locked":false,"visible":true,"attributes":[]},{"type":"ellipse","classId":1,"probability":100,"cx":74.0556526184082,"cy":92.80372619628906,"rx":9.644344329833984,"ry":8.896270751953125,"angle":0,"groupId":0,"pointLabels":{},"locked":false,"visible":true,"attributes":[]}],"tags":[],"metadata":{"version":"1.0.0","name":"0135.png","status":"Completed"}}